Position,A,C,G,T,Target,P-error (local alignment quality),raw A,raw C,raw G,raw T,Variant
9952,-,-,-,1,c,0.0042,3,7,-,95,T
10006,1,-,-,-,g,0.0038,107,-,7,-,A
10051,1,-,-,-,g,0,98,-,-,-,A
10060,1,-,-,-,g,0,118,2,2,-,A
10066,-,1,-,-,t,0.0003,1,113,1,9,C
10075,-,-,-,1,c,0.0012,-,4,-,119,T
10085,-,-,-,1,c,0.0008,1,18,-,103,T
10114,1,-,-,-,t,0.0023,110,1,2,11,A
10117,-,-,-,1,c,0.0024,1,14,1,106,T
10120,-,-,1,-,a,0.0023,15,4,101,1,G
10136,1,-,-,-,c,0.0002,105,2,1,-,A
10189,-,-,-,1,c,0,2,9,-,112,T
10190,-,-,1,-,a,0,18,-,100,3,G
10208,-,-,-,1,c,0,2,16,4,105,T
10215,1,-,-,-,t,0.0002,113,2,1,7,A
10240,-,-,1,-,a,0,13,-,110,-,G
10243,-,-,-,1,c,0,7,8,2,106,T
10253,-,-,-,1,c,0,-,17,1,94,T
10261,1,-,-,-,g,0.0001,90,1,28,1,A
10264,-,1,-,-,a,0.0001,8,79,-,1,C
10266,-,1,-,-,t,0.0002,-,28,-,96,C
10280,1,-,-,-,t,0.0011,79,2,1,12,A
10283,-,1,-,-,t,0.0018,-,83,1,19,C
10287,-,-,-,1,c,0.0028,-,43,2,47,T
10291,-,1,-,-,a,0.0042,54,21,-,-,C
10335,-,-,-,1,a,0.0088,6,9,2,103,T
10347,-,-,-,1,c,0.0076,1,8,2,113,T
10405,-,-,-,1,c,0.0002,3,94,1,26,T
10417,-,1,-,-,t,0.0004,-,64,-,32,C
10419,-,-,-,1,c,0.0006,2,38,7,78,T
10426,1,-,-,-,g,0.001,105,2,13,3,A
10440,-,-,1,-,a,0.0025,24,3,93,-,G
10466,-,-,-,1,c,0.0062,1,80,11,30,T
10479,-,1,-,-,a,0.0053,22,97,5,2,C
10514,1,-,-,-,t,0,25,1,3,96,A
10539,-,-,-,1,c,0.0047,-,14,-,89,T
10552,-,-,-,1,c,0.0054,2,48,1,42,T
10555,1,-,-,-,g,0.0059,20,-,76,1,A
